{
	"partitions" : [
		{
			"name" : "Top",
			"pins" : [
				{
					"name" : "cam1st[0]",
					"strict" : false
				},
				{
					"name" : "cam1st[1]",
					"strict" : false
				},
				{
					"name" : "cam1st[2]",
					"strict" : false
				},
				{
					"name" : "cam1st[3]",
					"strict" : false
				},
				{
					"name" : "cam1st[4]",
					"strict" : false
				},
				{
					"name" : "cam1st[5]",
					"strict" : false
				},
				{
					"name" : "cam2st[0]",
					"strict" : false
				},
				{
					"name" : "cam2st[1]",
					"strict" : false
				},
				{
					"name" : "cam2st[2]",
					"strict" : false
				},
				{
					"name" : "cam2st[3]",
					"strict" : false
				},
				{
					"name" : "cam2st[4]",
					"strict" : false
				},
				{
					"name" : "cam2st[5]",
					"strict" : false
				},
				{
					"name" : "ReToDload",
					"strict" : false
				},
				{
					"name" : "datacam1[0]",
					"strict" : false
				},
				{
					"name" : "datacam1[1]",
					"strict" : false
				},
				{
					"name" : "datacam1[2]",
					"strict" : false
				},
				{
					"name" : "datacam1[3]",
					"strict" : false
				},
				{
					"name" : "datacam1[4]",
					"strict" : false
				},
				{
					"name" : "datacam1[5]",
					"strict" : false
				},
				{
					"name" : "datacam1[6]",
					"strict" : false
				},
				{
					"name" : "datacam2[0]",
					"strict" : false
				},
				{
					"name" : "datacam2[1]",
					"strict" : false
				},
				{
					"name" : "datacam2[2]",
					"strict" : false
				},
				{
					"name" : "datacam2[3]",
					"strict" : false
				},
				{
					"name" : "datacam2[4]",
					"strict" : false
				},
				{
					"name" : "datacam2[5]",
					"strict" : false
				},
				{
					"name" : "datacam2[6]",
					"strict" : false
				},
				{
					"name" : "clk",
					"strict" : false
				},
				{
					"name" : "startsys",
					"strict" : false
				},
				{
					"name" : "downloadresponce",
					"strict" : false
				},
				{
					"name" : "reset",
					"strict" : false
				}
			]
		}
	]
}